,Rank,Major,Degree Type,Early Career Pay,Mid Career Pay,% High Meaning
0,Rank:1,Major:Petroleum Engineering,Degree Type:Bachelors,"$93,200","$187,300",67%
1,Rank:2,Major:Operations Research & Industrial Engineering,Degree Type:Bachelors,"$84,800","$170,400",28%
2,Rank:3,Major:Electrical Engineering & Computer Science (EECS),Degree Type:Bachelors,"$108,500","$159,300",46%
3,Rank:4,Major:Interaction Design,Degree Type:Bachelors,"$68,300","$155,800",55%
4,Rank:5,Major:Public Accounting,Degree Type:Bachelors,"$59,800","$147,700",47%
5,Rank:6,Major:Operations Research,Degree Type:Bachelors,"$83,500","$147,400",54%
6,Rank:7,Major:Applied Economics and Management,Degree Type:Bachelors,"$66,100","$146,400",67%
7,Rank:8,Major:Business Computing (BC),Degree Type:Bachelors,"$73,000","$143,600",-
8,Rank:9,Major:Actuarial Mathematics,Degree Type:Bachelors,"$64,300","$143,400",51%
9,Rank:10,Major:Electrical Power Engineering,Degree Type:Bachelors,"$76,100","$142,600",68%
10,Rank:11,Major:Information & Computer Science,Degree Type:Bachelors,"$58,600","$140,900",62%
11,Rank:12,Major:Aeronautics & Astronautics,Degree Type:Bachelors,"$77,600","$139,600",56%
12,Rank:13,Major:Systems Engineering,Degree Type:Bachelors,"$77,700","$139,200",53%
13,Rank:14,Major:Econometrics,Degree Type:Bachelors,"$64,200","$139,000",35%
14,Rank:15,Major:Pharmacy,Degree Type:Bachelors,"$68,600","$138,700",78%
15,Rank:16,Major:Aerospace Studies,Degree Type:Bachelors,"$55,800","$136,600",-
16,Rank:17,Major:Building Science,Degree Type:Bachelors,"$53,800","$135,900",53%
17,Rank:17,Major:Chemical Engineering,Degree Type:Bachelors,"$76,900","$135,900",55%
18,Rank:19,Major:Cognitive Science,Degree Type:Bachelors,"$68,700","$135,200",42%
19,Rank:20,Major:Actuarial Science,Degree Type:Bachelors,"$67,700","$134,400",43%
20,Rank:21,Major:Political Economy,Degree Type:Bachelors,"$65,100","$133,500",29%
21,Rank:22,Major:Computer Systems Engineering,Degree Type:Bachelors,"$79,000","$133,200",51%
22,Rank:23,Major:Electrical & Computer Engineering (ECE),Degree Type:Bachelors,"$78,100","$131,600",49%
23,Rank:24,Major:Computer Science (CS) & Engineering,Degree Type:Bachelors,"$79,400","$131,300",44%
24,Rank:24,Major:Marine Engineering,Degree Type:Bachelors,"$79,900","$131,300",60%
,Rank,Major,Degree Type,Early Career Pay,Mid Career Pay,% High Meaning
0,Rank:26,Major:Aeronautical Engineering,Degree Type:Bachelors,"$74,700","$131,100",66%
1,Rank:27,Major:Computer Engineering (CE),Degree Type:Bachelors,"$79,000","$131,000",46%
2,Rank:28,Major:Naval Architecture & Marine Engineering,Degree Type:Bachelors,"$74,400","$130,700",49%
3,Rank:29,Major:Entrepreneurship & Marketing,Degree Type:Bachelors,"$51,400","$129,800",45%
4,Rank:30,Major:Corporate Accounting & Finance,Degree Type:Bachelors,"$65,200","$129,700",55%
5,Rank:31,Major:Mechatronics,Degree Type:Bachelors,"$72,800","$129,600",48%
6,Rank:32,Major:Nuclear Engineering,Degree Type:Bachelors,"$76,400","$129,400",62%
7,Rank:33,Major:Electrical Engineering (EE),Degree Type:Bachelors,"$75,600","$127,700",54%
8,Rank:33,Major:Foreign Affairs,Degree Type:Bachelors,"$54,800","$127,700",36%
9,Rank:35,Major:Marine Transportation Management,Degree Type:Bachelors,"$71,100","$127,500",-
10,Rank:36,Major:Mechanical & Aeronautical Engineering,Degree Type:Bachelors,"$70,900","$126,900",60%
11,Rank:37,Major:Welding Engineering,Degree Type:Bachelors,"$81,000","$126,600",56%
12,Rank:38,Major:Instrumentation & Control Engineering,Degree Type:Bachelors,"$73,100","$126,400",-
13,Rank:39,Major:Computational & Applied Mathematics,Degree Type:Bachelors,"$75,500","$126,000",45%
14,Rank:40,Major:Electrical & Electronics Engineering (EEE),Degree Type:Bachelors,"$74,700","$125,800",56%
15,Rank:41,Major:Aerospace Engineering,Degree Type:Bachelors,"$74,300","$125,700",55%
16,Rank:42,Major:Astronomy,Degree Type:Bachelors,"$66,600","$125,400",47%
17,Rank:42,Major:Optical Science & Engineering,Degree Type:Bachelors,"$71,000","$125,400",-
18,Rank:42,Major:Quantitative Business Analysis,Degree Type:Bachelors,"$74,000","$125,400",37%
19,Rank:45,Major:Computer Science (CS) & Mathematics,Degree Type:Bachelors,"$70,500","$125,100",43%
20,Rank:46,Major:Industrial & Systems Engineering,Degree Type:Bachelors,"$73,100","$124,800",48%
21,Rank:47,Major:Economics and Mathematics,Degree Type:Bachelors,"$68,200","$124,100",35%
22,Rank:48,Major:Biomedical Engineering (BME),Degree Type:Bachelors,"$71,300","$123,600",72%
23,Rank:48,Major:Managerial Economics,Degree Type:Bachelors,"$65,200","$123,600",41%
24,Rank:50,Major:Computer Science (CS),Degree Type:Bachelors,"$75,100","$123,400",42%
,Rank,Major,Degree Type,Early Career Pay,Mid Career Pay,% High Meaning
0,Rank:50,Major:Physics & Astronomy,Degree Type:Bachelors,"$56,500","$123,400",36%
1,Rank:52,Major:Petroleum Land Management,Degree Type:Bachelors,"$59,300","$123,100",-
2,Rank:52,Major:Bioscience,Degree Type:Bachelors,"$49,200","$123,100",-
3,Rank:54,Major:Electronics & Communications Engineering,Degree Type:Bachelors,"$67,400","$122,900",51%
4,Rank:55,Major:Control Engineering,Degree Type:Bachelors,"$69,700","$122,800",61%
5,Rank:56,Major:Pharmacology,Degree Type:Bachelors,"$57,700","$122,700",-
6,Rank:57,Major:Business Analysis,Degree Type:Bachelors,"$63,200","$122,300",46%
7,Rank:58,Major:Aeronautical Science & Engineering,Degree Type:Bachelors,"$56,000","$122,200",50%
8,Rank:58,Major:Metallurgical Engineering,Degree Type:Bachelors,"$81,800","$122,200",61%
9,Rank:60,Major:Engineering Science,Degree Type:Bachelors,"$67,900","$122,100",45%
10,Rank:61,Major:Applied Mathematics,Degree Type:Bachelors,"$68,300","$122,000",40%
11,Rank:62,Major:Chemical & Biomolecular Engineering,Degree Type:Bachelors,"$76,800","$121,900",48%
12,Rank:63,Major:Materials Science,Degree Type:Bachelors,"$67,100","$121,800",-
13,Rank:64,Major:Engineering,Degree Type:Bachelors,"$69,900","$121,700",59%
14,Rank:65,Major:Ocean Engineering (OE),Degree Type:Bachelors,"$69,400","$121,400",51%
15,Rank:66,Major:Bioengineering (BioE),Degree Type:Bachelors,"$70,900","$121,300",67%
16,Rank:67,Major:Aeronautical/Aerospace Engineering Technology,Degree Type:Bachelors,"$76,900","$121,200",53%
17,Rank:68,Major:Integrated Science & Technology,Degree Type:Bachelors,"$65,200","$121,100",56%
18,Rank:69,Major:Operations Management & Information Systems,Degree Type:Bachelors,"$66,100","$120,900",38%
19,Rank:70,Major:Software Engineering,Degree Type:Bachelors,"$75,000","$120,000",43%
20,Rank:71,Major:Physics,Degree Type:Bachelors,"$65,900","$119,700",48%
21,Rank:72,Major:Quantitative Economics,Degree Type:Bachelors,"$65,000","$119,600",43%
22,Rank:73,Major:Computer & Information Science,Degree Type:Bachelors,"$63,600","$119,500",55%
23,Rank:74,Major:Geophysics,Degree Type:Bachelors,"$58,000","$119,000",47%
24,Rank:75,Major:Accounting & Economics,Degree Type:Bachelors,"$65,900","$118,900",44%
,Rank,Major,Degree Type,Early Career Pay,Mid Career Pay,% High Meaning
0,Rank:76,Major:Physician Assistant Studies,Degree Type:Bachelors,"$95,900","$118,500",84%
1,Rank:77,Major:Mining Engineering,Degree Type:Bachelors,"$78,800","$118,300",64%
2,Rank:78,Major:Construction Engineering Management,Degree Type:Bachelors,"$68,800","$118,200",57%
3,Rank:79,Major:Mechanical Engineering (ME),Degree Type:Bachelors,"$71,000","$117,600",50%
4,Rank:80,Major:Materials Science & Engineering,Degree Type:Bachelors,"$72,700","$117,500",47%
5,Rank:81,Major:Engineering Mechanics,Degree Type:Bachelors,"$75,500","$117,400",-
6,Rank:81,Major:Industrial Engineering (IE),Degree Type:Bachelors,"$71,900","$117,400",44%
7,Rank:81,Major:International Business & Finance,Degree Type:Bachelors,"$61,400","$117,400",31%
8,Rank:84,Major:Accounting & Computer Systems,Degree Type:Bachelors,"$63,000","$117,300",37%
9,Rank:85,Major:Business & Information Technology (IT),Degree Type:Bachelors,"$60,100","$116,900",44%
10,Rank:86,Major:Applied Physics,Degree Type:Bachelors,"$67,300","$116,500",52%
11,Rank:87,Major:International Economics,Degree Type:Bachelors,"$58,700","$116,300",48%
12,Rank:88,Major:Business & Economics,Degree Type:Bachelors,"$59,600","$116,200",46%
13,Rank:89,Major:Ceramic Engineering,Degree Type:Bachelors,"$69,200","$115,700",-
14,Rank:89,Major:Economics,Degree Type:Bachelors,"$62,000","$115,700",41%
15,Rank:89,Major:Pharmaceutical Sciences (PS),Degree Type:Bachelors,"$52,800","$115,700",69%
16,Rank:92,Major:Telecommunications Engineering,Degree Type:Bachelors,"$66,400","$115,400",47%
17,Rank:93,Major:Information & Decision Sciences,Degree Type:Bachelors,"$65,200","$115,200",33%
18,Rank:93,Major:Materials Engineering,Degree Type:Bachelors,"$72,300","$115,200",58%
19,Rank:93,Major:Paper Science,Degree Type:Bachelors,"$77,000","$115,200",39%
20,Rank:96,Major:Asian Studies,Degree Type:Bachelors,"$47,700","$115,100",41%
21,Rank:96,Major:Structural Engineering (SE),Degree Type:Bachelors,"$67,800","$115,100",66%
22,Rank:98,Major:Industrial Distribution,Degree Type:Bachelors,"$63,600","$115,000",48%
23,Rank:99,Major:Management Information Systems (MIS),Degree Type:Bachelors,"$65,000","$114,100",42%
24,Rank:100,Major:Electronics Engineering,Degree Type:Bachelors,"$69,600","$113,900",66%
,Rank,Major,Degree Type,Early Career Pay,Mid Career Pay,% High Meaning
0,Rank:100,Major:Finance & Economics,Degree Type:Bachelors,"$62,600","$113,900",42%
1,Rank:102,Major:Medical Science,Degree Type:Bachelors,"$52,000","$113,800",-
2,Rank:102,Major:Japanese Studies,Degree Type:Bachelors,"$51,500","$113,800",21%
3,Rank:102,Major:Automotive Engineering,Degree Type:Bachelors,"$67,300","$113,800",48%
4,Rank:105,Major:Information Management,Degree Type:Bachelors,"$64,300","$112,800",38%
5,Rank:106,Major:Management Science,Degree Type:Bachelors,"$64,600","$112,700",43%
6,Rank:106,Major:Mechanical,Degree Type:Bachelors,"$70,200","$112,700",54%
7,Rank:108,Major:Construction Engineering,Degree Type:Bachelors,"$67,300","$112,500",59%
8,Rank:109,Major:Finance & Investments,Degree Type:Bachelors,"$64,100","$112,400",44%
9,Rank:109,Major:Mathematics & Statistics,Degree Type:Bachelors,"$63,100","$112,400",43%
10,Rank:111,Major:Information Systems Management,Degree Type:Bachelors,"$59,200","$112,300",49%
11,Rank:112,Major:Construction Project Management,Degree Type:Bachelors,"$61,100","$112,200",58%
12,Rank:112,Major:Engineering Management,Degree Type:Bachelors,"$69,000","$112,200",57%
13,Rank:112,Major:Packaging Science,Degree Type:Bachelors,"$70,000","$112,200",35%
14,Rank:115,Major:Industrial Engineering & Management,Degree Type:Bachelors,"$68,300","$112,000",55%
15,Rank:116,Major:Engineering Physics,Degree Type:Bachelors,"$70,500","$111,800",50%
16,Rank:117,Major:Energy Management,Degree Type:Bachelors,"$72,300","$111,700",71%
17,Rank:118,Major:Aeronautical Science,Degree Type:Bachelors,"$57,700","$111,600",57%
18,Rank:119,Major:Government,Degree Type:Bachelors,"$55,100","$111,200",47%
19,Rank:120,Major:Software Applications & Programming,Degree Type:Bachelors,"$59,300","$110,800",45%
20,Rank:121,Major:Astrophysics,Degree Type:Bachelors,"$69,300","$110,700",64%
21,Rank:122,Major:Bioenvironmental Science,Degree Type:Bachelors,"$47,700","$110,500",-
22,Rank:123,Major:Japanese Language,Degree Type:Bachelors,"$53,300","$110,300",42%
23,Rank:124,Major:Business Economics,Degree Type:Bachelors,"$58,400","$110,200",43%
24,Rank:124,Major:Finance & Real Estate,Degree Type:Bachelors,"$63,000","$110,200",44%
,Rank,Major,Degree Type,Early Career Pay,Mid Career Pay,% High Meaning
0,Rank:126,Major:Manufacturing Engineering,Degree Type:Bachelors,"$69,300","$110,000",47%
1,Rank:127,Major:Atmospheric Science,Degree Type:Bachelors,"$48,700","$109,900",55%
2,Rank:128,Major:Cybersecurity,Degree Type:Bachelors,"$65,600","$109,800",55%
3,Rank:129,Major:Information Security & Assurance,Degree Type:Bachelors,"$61,400","$109,300",47%
4,Rank:130,Major:Medicine,Degree Type:Bachelors,"$60,600","$109,200",92%
5,Rank:131,Major:Civil Engineering (CE),Degree Type:Bachelors,"$65,000","$109,000",65%
6,Rank:132,Major:Environmental Health & Safety Management,Degree Type:Bachelors,"$61,100","$108,800",61%
7,Rank:133,Major:Mathematics,Degree Type:Bachelors,"$63,500","$108,700",45%
8,Rank:134,Major:Applied Economics,Degree Type:Bachelors,"$61,400","$108,600",38%
9,Rank:135,Major:Construction Science,Degree Type:Bachelors,"$67,400","$108,500",63%
10,Rank:135,Major:Political Communication,Degree Type:Bachelors,"$48,800","$108,500",55%
11,Rank:137,Major:Marketing & International Business,Degree Type:Bachelors,"$52,500","$108,400",34%
12,Rank:137,Major:Software Development,Degree Type:Bachelors,"$65,500","$108,400",45%
13,Rank:139,Major:Biochemistry & Molecular Biology,Degree Type:Bachelors,"$53,900","$108,100",71%
14,Rank:140,Major:Computing,Degree Type:Bachelors,"$63,500","$108,000",53%
15,Rank:140,Major:Construction Management,Degree Type:Bachelors,"$63,200","$108,000",58%
16,Rank:142,Major:Accounting & Taxation,Degree Type:Bachelors,"$55,600","$107,800",41%
17,Rank:142,Major:Building Construction (BC),Degree Type:Bachelors,"$67,200","$107,800",52%
18,Rank:142,Major:International & Comparative Politics,Degree Type:Bachelors,"$45,700","$107,800",53%
19,Rank:145,Major:Civil & Environmental Engineering,Degree Type:Bachelors,"$65,300","$107,500",67%
20,Rank:146,Major:Business Information Systems,Degree Type:Bachelors,"$65,000","$107,400",43%
21,Rank:147,Major:Financial Economics,Degree Type:Bachelors,"$63,300","$107,200",41%
22,Rank:147,Major:Sales & Business Marketing,Degree Type:Bachelors,"$55,900","$107,200",51%
23,Rank:149,Major:Plastics Engineering,Degree Type:Bachelors,"$68,400","$107,100",58%
24,Rank:150,Major:Information Technology Management,Degree Type:Bachelors,"$63,400","$107,000",48%
,Rank,Major,Degree Type,Early Career Pay,Mid Career Pay,% High Meaning
0,Rank:151,Major:Polymer Science & Engineering,Degree Type:Bachelors,"$74,500","$106,900",-
1,Rank:152,Major:Informatics,Degree Type:Bachelors,"$70,300","$106,800",42%
2,Rank:153,Major:Computer Management Information Systems (CMIS),Degree Type:Bachelors,"$55,700","$106,600",47%
3,Rank:153,Major:Information Systems (IS),Degree Type:Bachelors,"$63,900","$106,600",44%
4,Rank:155,Major:Agricultural Economics,Degree Type:Bachelors,"$55,600","$106,300",58%
5,Rank:156,Major:Data Processing,Degree Type:Bachelors,"$65,600","$106,200",45%
6,Rank:157,Major:European Studies,Degree Type:Bachelors,"$47,500","$106,100",46%
7,Rank:158,Major:Biosystems Engineering,Degree Type:Bachelors,"$64,700","$106,000",74%
8,Rank:158,Major:Nuclear Engineering Technology (NET),Degree Type:Bachelors,"$83,500","$106,000",62%
9,Rank:160,Major:Economics & Political Science,Degree Type:Bachelors,"$57,100","$105,700",47%
10,Rank:160,Major:Global & International Studies,Degree Type:Bachelors,"$50,000","$105,700",46%
11,Rank:162,Major:Organic Chemistry,Degree Type:Bachelors,"$44,500","$105,600",-
12,Rank:163,Major:Industrial Hygiene,Degree Type:Bachelors,"$58,600","$105,500",55%
13,Rank:163,Major:Safety Science,Degree Type:Bachelors,"$62,400","$105,500",-
14,Rank:165,Major:Commerce,Degree Type:Bachelors,"$66,800","$105,400",40%
15,Rank:165,Major:Rhetoric,Degree Type:Bachelors,"$51,600","$105,400",44%
16,Rank:167,Major:Business Computer Information Systems (BCIS),Degree Type:Bachelors,"$64,000","$105,300",40%
17,Rank:168,Major:Finance,Degree Type:Bachelors,"$60,200","$105,200",42%
18,Rank:169,Major:Plastics Engineering Technology,Degree Type:Bachelors,"$66,900","$105,100",28%
19,Rank:170,Major:Molecular Biology,Degree Type:Bachelors,"$54,100","$105,000",67%
20,Rank:171,Major:Environmental Engineering,Degree Type:Bachelors,"$62,600","$104,800",62%
21,Rank:171,Major:International Management,Degree Type:Bachelors,"$54,100","$104,800",51%
22,Rank:173,Major:Computer Information Systems,Degree Type:Bachelors,"$59,400","$104,700",42%
23,Rank:174,Major:Corporate Finance,Degree Type:Bachelors,"$63,600","$104,300",43%
24,Rank:175,Major:Genetics,Degree Type:Bachelors,"$52,200","$104,100",72%
,Rank,Major,Degree Type,Early Career Pay,Mid Career Pay,% High Meaning
0,Rank:175,Major:International Business,Degree Type:Bachelors,"$55,300","$104,100",39%
1,Rank:177,Major:Agricultural Engineering (AE),Degree Type:Bachelors,"$63,100","$104,000",63%
2,Rank:178,Major:Consumer Economics,Degree Type:Bachelors,"$53,700","$103,800",40%
3,Rank:179,Major:Finance & Marketing,Degree Type:Bachelors,"$56,800","$103,700",46%
4,Rank:180,Major:Computer Information Systems (CIS),Degree Type:Bachelors,"$60,500","$103,500",47%
5,Rank:181,Major:Business Finance,Degree Type:Bachelors,"$57,200","$103,300",42%
6,Rank:182,Major:Psychobiology,Degree Type:Bachelors,"$49,600","$103,100",65%
7,Rank:182,Major:Strategic Management,Degree Type:Bachelors,"$66,200","$103,100",47%
8,Rank:182,Major:Construction Trades,Degree Type:Bachelors,"$61,900","$103,100",48%
9,Rank:185,Major:Operations Management (OM),Degree Type:Bachelors,"$61,500","$103,000",45%
10,Rank:186,Major:Entrepreneurship & Leadership,Degree Type:Bachelors,"$57,100","$102,900",43%
11,Rank:187,Major:Electrical Engineering Technology (EET),Degree Type:Bachelors,"$66,300","$102,800",47%
12,Rank:188,Major:Computer Science & Information Technology,Degree Type:Bachelors,"$66,000","$102,700",50%
13,Rank:188,Major:Food Marketing,Degree Type:Bachelors,"$56,300","$102,700",24%
14,Rank:190,Major:International Marketing,Degree Type:Bachelors,"$59,000","$102,600",22%
15,Rank:190,Major:Network Engineering,Degree Type:Bachelors,"$60,700","$102,600",55%
16,Rank:192,Major:Building Construction Management,Degree Type:Bachelors,"$61,300","$102,400",63%
17,Rank:193,Major:Engineering Technology (ET),Degree Type:Bachelors,"$58,400","$102,300",47%
18,Rank:194,Major:International Relations,Degree Type:Bachelors,"$52,800","$102,200",49%
19,Rank:194,Major:Management & Finance,Degree Type:Bachelors,"$56,800","$102,200",59%
20,Rank:194,Major:Information Security,Degree Type:Bachelors,"$66,400","$102,200",48%
21,Rank:197,Major:Business Operations,Degree Type:Bachelors,"$63,500","$102,100",-
22,Rank:198,Major:Industrial Management,Degree Type:Bachelors,"$57,800","$102,000",53%
23,Rank:199,Major:Architectural Engineering,Degree Type:Bachelors,"$65,000","$101,900",58%
24,Rank:199,Major:Hotel Administration,Degree Type:Bachelors,"$64,900","$101,900",35%
,Rank,Major,Degree Type,Early Career Pay,Mid Career Pay,% High Meaning
0,Rank:201,Major:Manufacturing,Degree Type:Bachelors,"$57,600","$101,500",48%
1,Rank:202,Major:Agricultural Economics & Business,Degree Type:Bachelors,"$54,900","$101,400",56%
2,Rank:203,Major:Web Development,Degree Type:Bachelors,"$56,400","$101,300",46%
3,Rank:204,Major:Aviation,Degree Type:Bachelors,"$54,000","$101,200",48%
4,Rank:204,Major:Telecommunications Management,Degree Type:Bachelors,"$55,000","$101,200",42%
5,Rank:206,Major:Property Management,Degree Type:Bachelors,"$55,200","$101,000",47%
6,Rank:207,Major:Comparative Literature,Degree Type:Bachelors,"$48,100","$100,900",46%
7,Rank:208,Major:Construction Science & Management,Degree Type:Bachelors,"$64,700","$100,800",71%
8,Rank:209,Major:Biotechnology,Degree Type:Bachelors,"$53,100","$100,700",59%
9,Rank:210,Major:Industrial & Labor Relations,Degree Type:Bachelors,"$69,800","$100,600",44%
10,Rank:210,Major:Real Estate,Degree Type:Bachelors,"$59,900","$100,600",36%
11,Rank:212,Major:Mechanical Engineering Technology (MET),Degree Type:Bachelors,"$64,200","$100,400",48%
12,Rank:213,Major:Labor Relations,Degree Type:Bachelors,"$53,000","$100,300",41%
13,Rank:214,Major:Electronics,Degree Type:Bachelors,"$57,500","$100,200",63%
14,Rank:215,Major:Biochemistry (BCH),Degree Type:Bachelors,"$50,400","$99,900",62%
15,Rank:215,Major:Politics,Degree Type:Bachelors,"$53,000","$99,900",51%
16,Rank:217,Major:Accounting & Auditing,Degree Type:Bachelors,"$57,800","$99,800",45%
17,Rank:218,Major:Chinese Language,Degree Type:Bachelors,"$54,200","$99,600",43%
18,Rank:219,Major:Information Science (IS),Degree Type:Bachelors,"$66,300","$99,500",36%
19,Rank:220,Major:East Asian Studies,Degree Type:Bachelors,"$49,800","$99,400",42%
20,Rank:221,Major:Accounting & Finance,Degree Type:Bachelors,"$59,200","$99,300",45%
21,Rank:221,Major:Network Security,Degree Type:Bachelors,"$62,300","$99,300",50%
22,Rank:223,Major:Information Technology (IT),Degree Type:Bachelors,"$59,100","$99,200",46%
23,Rank:224,Major:Aviation Management,Degree Type:Bachelors,"$50,900","$99,100",58%
24,Rank:224,Major:Occupational Health and Safety,Degree Type:Bachelors,"$59,900","$99,100",69%
,Rank,Major,Degree Type,Early Career Pay,Mid Career Pay,% High Meaning
0,Rank:226,Major:Agribusiness,Degree Type:Bachelors,"$50,700","$98,900",53%
1,Rank:226,Major:Business & Marketing,Degree Type:Bachelors,"$51,000","$98,900",45%
2,Rank:226,Major:Computer Engineering Technology (CET),Degree Type:Bachelors,"$63,000","$98,900",47%
3,Rank:229,Major:Computer Security,Degree Type:Bachelors,"$68,100","$98,700",43%
4,Rank:230,Major:Operations & Supply Chain Management,Degree Type:Bachelors,"$61,300","$98,600",45%
5,Rank:231,Major:Entomology,Degree Type:Bachelors,"$45,900","$98,500",-
6,Rank:232,Major:Music Production & Engineering,Degree Type:Bachelors,"$43,100","$98,400",43%
7,Rank:232,Major:Industrial Engineering Technology,Degree Type:Bachelors,"$67,200","$98,400",53%
8,Rank:234,Major:Logistics & Supply Chain Management,Degree Type:Bachelors,"$59,000","$98,300",47%
9,Rank:234,Major:Supply Chain Management,Degree Type:Bachelors,"$61,700","$98,300",41%
10,Rank:234,Major:Accounts,Degree Type:Bachelors,"$59,800","$98,300",44%
11,Rank:237,Major:Economics & Management,Degree Type:Bachelors,"$54,400","$98,200",-
12,Rank:237,Major:Environmental Policy Analysis & Planning,Degree Type:Bachelors,"$51,000","$98,200",65%
13,Rank:237,Major:Physical Therapy,Degree Type:Bachelors,"$55,500","$98,200",88%
14,Rank:240,Major:European History,Degree Type:Bachelors,"$52,300","$98,000",47%
15,Rank:240,Major:Robotics & Automation,Degree Type:Bachelors,"$66,100","$98,000",63%
16,Rank:242,Major:Geological Engineering,Degree Type:Bachelors,"$61,700","$97,900",54%
17,Rank:242,Major:Manufacturing Technology,Degree Type:Bachelors,"$59,900","$97,900",46%
18,Rank:244,Major:Chemistry,Degree Type:Bachelors,"$51,600","$97,500",55%
19,Rank:245,Major:Business Logistics & Transportation,Degree Type:Bachelors,"$56,400","$97,400",44%
20,Rank:246,Major:Food Science & Technology,Degree Type:Bachelors,"$53,100","$97,300",49%
21,Rank:247,Major:City & Regional Planning,Degree Type:Bachelors,"$51,800","$97,200",70%
22,Rank:247,Major:Civil Engineering Technology (CET),Degree Type:Bachelors,"$58,300","$97,200",60%
23,Rank:249,Major:Electronics Engineering Technology (EET),Degree Type:Bachelors,"$64,300","$97,100",50%
24,Rank:249,Major:English & Psychology,Degree Type:Bachelors,"$42,600","$97,100",-
,Rank,Major,Degree Type,Early Career Pay,Mid Career Pay,% High Meaning
0,Rank:249,Major:Finance & Banking,Degree Type:Bachelors,"$55,300","$97,100",47%
1,Rank:249,Major:Mechanical Design,Degree Type:Bachelors,"$60,900","$97,100",45%
2,Rank:253,Major:Applied Technology,Degree Type:Bachelors,"$55,500","$97,000",62%
3,Rank:254,Major:Marketing & Management,Degree Type:Bachelors,"$50,000","$96,900",45%
4,Rank:255,Major:Technical & Scientific Communication,Degree Type:Bachelors,"$50,700","$96,800",37%
5,Rank:256,Major:Financial Planning,Degree Type:Bachelors,"$54,000","$96,600",63%
6,Rank:256,Major:Organizational Behavior,Degree Type:Bachelors,"$57,000","$96,600",51%
7,Rank:256,Major:Marketing,Degree Type:Bachelors,"$51,700","$96,600",40%
8,Rank:259,Major:Dairy Science,Degree Type:Bachelors,"$51,200","$96,200",68%
9,Rank:259,Major:Project Management,Degree Type:Bachelors,"$56,800","$96,200",58%
10,Rank:261,Major:Government & International Politics (GVIP),Degree Type:Bachelors,"$51,300","$96,100",49%
11,Rank:261,Major:Latin American Studies,Degree Type:Bachelors,"$46,700","$96,100",62%
12,Rank:263,Major:Industrial Design (ID),Degree Type:Bachelors,"$55,100","$95,900",41%
13,Rank:263,Major:Web Design & Development,Degree Type:Bachelors,"$53,100","$95,900",44%
14,Rank:265,Major:Computing & Information Systems (CIS),Degree Type:Bachelors,"$58,100","$95,800",40%
15,Rank:265,Major:Electromechanical Engineering,Degree Type:Bachelors,"$70,500","$95,800",55%
16,Rank:265,Major:Industrial Technology (IT),Degree Type:Bachelors,"$62,200","$95,800",50%
17,Rank:265,Major:Information Technology (IT) & Systems,Degree Type:Bachelors,"$61,100","$95,800",47%
18,Rank:269,Major:Biopsychology,Degree Type:Bachelors,"$53,300","$95,700",74%
19,Rank:269,Major:Government & Politics,Degree Type:Bachelors,"$52,400","$95,700",51%
20,Rank:271,Major:Microbiology & Immunology,Degree Type:Bachelors,"$54,900","$95,400",68%
21,Rank:271,Major:Chemistry & Environmental Science,Degree Type:Bachelors,"$48,200","$95,400",-
22,Rank:273,Major:Interactive Media Design,Degree Type:Bachelors,"$54,000","$95,300",38%
23,Rank:273,Major:Risk Management,Degree Type:Bachelors,"$58,500","$95,300",42%
24,Rank:275,Major:Cell Biology,Degree Type:Bachelors,"$50,100","$95,200",59%
,Rank,Major,Degree Type,Early Career Pay,Mid Career Pay,% High Meaning
0,Rank:276,Major:Aeronautics,Degree Type:Bachelors,"$62,800","$95,100",64%
1,Rank:277,Major:Welding Engineering Technology,Degree Type:Bachelors,"$74,700","$95,000",42%
2,Rank:278,Major:Finance & Management Information Systems,Degree Type:Bachelors,"$63,900","$94,800",-
3,Rank:279,Major:Computer Science (CS) & Business,Degree Type:Bachelors,"$81,100","$94,600",28%
4,Rank:280,Major:Environmental Science & Policy,Degree Type:Bachelors,"$49,500","$94,500",59%
5,Rank:280,Major:Marketing & Communications,Degree Type:Bachelors,"$49,600","$94,500",45%
6,Rank:280,Major:Safety Management,Degree Type:Bachelors,"$60,100","$94,500",70%
7,Rank:283,Major:Business Technology Management,Degree Type:Bachelors,"$57,400","$94,400",42%
8,Rank:283,Major:Computer Networking Systems,Degree Type:Bachelors,"$55,600","$94,400",49%
9,Rank:285,Major:Biomedical Sciences,Degree Type:Bachelors,"$43,600","$94,300",70%
10,Rank:285,Major:Philosophy,Degree Type:Bachelors,"$52,600","$94,300",41%
11,Rank:285,Major:Sales & Marketing,Degree Type:Bachelors,"$52,700","$94,300",48%
12,Rank:285,Major:Manufacturing Engineering Technology,Degree Type:Bachelors,"$66,000","$94,300",49%
13,Rank:289,Major:Environmental Health & Safety,Degree Type:Bachelors,"$57,600","$94,200",68%
14,Rank:290,Major:Organizational Psychology,Degree Type:Bachelors,"$51,200","$94,100",50%
15,Rank:291,Major:Industrial Psychology,Degree Type:Bachelors,"$50,000","$94,000",50%
16,Rank:291,Major:Political Science,Degree Type:Bachelors,"$50,700","$94,000",47%
17,Rank:291,Major:Real Estate Development,Degree Type:Bachelors,"$57,100","$94,000",-
18,Rank:294,Major:Social Ecology,Degree Type:Bachelors,"$49,000","$93,700",-
19,Rank:295,Major:Risk Management & Insurance,Degree Type:Bachelors,"$59,500","$93,600",46%
20,Rank:296,Major:Radiation Therapy,Degree Type:Bachelors,"$68,400","$93,400",90%
21,Rank:297,Major:French Literature,Degree Type:Bachelors,"$46,400","$93,300",50%
22,Rank:297,Major:Occupational Therapy (OT),Degree Type:Bachelors,"$54,100","$93,300",88%
23,Rank:299,Major:Advertising,Degree Type:Bachelors,"$47,200","$93,200",32%
24,Rank:300,Major:Accounting,Degree Type:Bachelors,"$54,800","$93,100",42%
,Rank,Major,Degree Type,Early Career Pay,Mid Career Pay,% High Meaning
0,Rank:301,Major:Geology,Degree Type:Bachelors,"$50,400","$93,000",54%
1,Rank:301,Major:Strategic Communication,Degree Type:Bachelors,"$47,100","$93,000",42%
2,Rank:301,Major:Transportation & Logistics Management,Degree Type:Bachelors,"$57,600","$93,000",48%
3,Rank:304,Major:Financial Accounting,Degree Type:Bachelors,"$56,100","$92,900",51%
4,Rank:305,Major:Cell & Molecular Biology,Degree Type:Bachelors,"$51,900","$92,800",68%
5,Rank:305,Major:Industrial Safety,Degree Type:Bachelors,"$55,200","$92,800",78%
6,Rank:305,Major:Insurance,Degree Type:Bachelors,"$56,000","$92,800",43%
7,Rank:305,Major:Manufacturing Management,Degree Type:Bachelors,"$64,000","$92,800",49%
8,Rank:305,Major:Networks & Telecommunications,Degree Type:Bachelors,"$54,300","$92,800",56%
9,Rank:310,Major:Labor Studies,Degree Type:Bachelors,"$46,600","$92,600",49%
10,Rank:310,Major:Digital Media Design,Degree Type:Bachelors,"$46,700","$92,600",31%
11,Rank:310,Major:Advertising & Marketing Communications,Degree Type:Bachelors,"$48,300","$92,600",36%
12,Rank:313,Major:Cinema Studies,Degree Type:Bachelors,"$47,900","$92,500",33%
13,Rank:313,Major:Electronic & Computer Technology,Degree Type:Bachelors,"$63,800","$92,500",58%
14,Rank:313,Major:Marketing Communication,Degree Type:Bachelors,"$45,700","$92,500",39%
15,Rank:316,Major:Construction Technology,Degree Type:Bachelors,"$59,100","$92,400",-
16,Rank:317,Major:Architecture,Degree Type:Bachelors,"$51,000","$92,300",53%
17,Rank:318,Major:Applied Statistics,Degree Type:Bachelors,"$65,900","$92,200",47%
18,Rank:319,Major:Biological Sciences,Degree Type:Bachelors,"$49,300","$92,100",66%
19,Rank:319,Major:Food Science,Degree Type:Bachelors,"$52,500","$92,100",51%
20,Rank:319,Major:Urban & Regional Planning,Degree Type:Bachelors,"$51,800","$92,100",60%
21,Rank:322,Major:Marketing Management,Degree Type:Bachelors,"$51,300","$92,000",42%
22,Rank:323,Major:Computer & Network Administration,Degree Type:Bachelors,"$56,800","$91,900",47%
23,Rank:324,Major:Applied Computer Science,Degree Type:Bachelors,"$66,100","$91,800",44%
24,Rank:325,Major:Sales,Degree Type:Bachelors,"$61,500","$91,600",44%
,Rank,Major,Degree Type,Early Career Pay,Mid Career Pay,% High Meaning
0,Rank:326,Major:Environmental Design,Degree Type:Bachelors,"$47,700","$91,400",55%
1,Rank:326,Major:Hotel Management,Degree Type:Bachelors,"$49,100","$91,400",44%
2,Rank:328,Major:Advertising Design,Degree Type:Bachelors,"$52,700","$91,300",28%
3,Rank:328,Major:Digital Arts,Degree Type:Bachelors,"$45,600","$91,300",35%
4,Rank:328,Major:Financial Management,Degree Type:Bachelors,"$54,300","$91,300",54%
5,Rank:331,Major:Electronic Systems Technology (EST),Degree Type:Bachelors,"$81,000","$91,200",-
6,Rank:332,Major:Italian Language,Degree Type:Bachelors,"$51,400","$91,100",43%
7,Rank:333,Major:German Studies,Degree Type:Bachelors,"$50,000","$91,000",42%
8,Rank:334,Major:Quality Management,Degree Type:Bachelors,"$57,400","$90,800",60%
9,Rank:335,Major:Microbiology,Degree Type:Bachelors,"$48,400","$90,300",68%
10,Rank:335,Major:Entrepreneurship,Degree Type:Bachelors,"$54,800","$90,300",47%
11,Rank:337,Major:Interactive Media,Degree Type:Bachelors,"$52,700","$90,200",35%
12,Rank:337,Major:Global Business Management,Degree Type:Bachelors,"$55,900","$90,200",52%
13,Rank:337,Major:Network Systems Administration,Degree Type:Bachelors,"$57,900","$90,200",50%
14,Rank:337,Major:Police Science,Degree Type:Bachelors,"$55,400","$90,200",-
15,Rank:341,Major:Hydrology,Degree Type:Bachelors,"$48,700","$90,100",-
16,Rank:342,Major:Business Data Analysis,Degree Type:Bachelors,"$64,700","$90,000",36%
17,Rank:342,Major:Database Management,Degree Type:Bachelors,"$65,900","$90,000",-
18,Rank:342,Major:Spanish Literature,Degree Type:Bachelors,"$51,100","$90,000",50%
19,Rank:345,Major:Business Technology,Degree Type:Bachelors,"$52,800","$89,900",42%
20,Rank:346,Major:Business Management & Marketing,Degree Type:Bachelors,"$48,900","$89,800",48%
21,Rank:347,Major:Technical Management,Degree Type:Bachelors,"$64,400","$89,700",62%
22,Rank:348,Major:Human Biology,Degree Type:Bachelors,"$51,100","$89,600",70%
23,Rank:349,Major:Meteorology,Degree Type:Bachelors,"$46,200","$89,500",57%
24,Rank:350,Major:Computer Graphics Technology (CGT),Degree Type:Bachelors,"$49,000","$89,200",40%
,Rank,Major,Degree Type,Early Career Pay,Mid Career Pay,% High Meaning
0,Rank:350,Major:Urban Planning,Degree Type:Bachelors,"$50,500","$89,200",53%
1,Rank:352,Major:Aviation Technology,Degree Type:Bachelors,"$58,100","$89,100",49%
2,Rank:352,Major:Environmental Health,Degree Type:Bachelors,"$50,000","$89,100",65%
3,Rank:354,Major:Agricultural Science,Degree Type:Bachelors,"$48,900","$88,900",59%
4,Rank:354,Major:Agronomy,Degree Type:Bachelors,"$50,200","$88,900",65%
5,Rank:354,Major:International Studies,Degree Type:Bachelors,"$50,000","$88,900",51%
6,Rank:357,Major:Design,Degree Type:Bachelors,"$52,800","$88,800",40%
7,Rank:358,Major:Applied Science,Degree Type:Bachelors,"$46,400","$88,700",-
8,Rank:358,Major:Architectural Engineering Technology,Degree Type:Bachelors,"$52,200","$88,700",59%
9,Rank:358,Major:German Language,Degree Type:Bachelors,"$50,700","$88,700",41%
10,Rank:361,Major:Technology,Degree Type:Bachelors,"$56,200","$88,600",64%
11,Rank:362,Major:Advertising & Promotion,Degree Type:Bachelors,"$46,100","$88,500",46%
12,Rank:363,Major:Pre-law,Degree Type:Bachelors,"$46,800","$88,400",45%
13,Rank:364,Major:Digital Media,Degree Type:Bachelors,"$47,300","$88,200",38%
14,Rank:365,Major:Biological Anthropology,Degree Type:Bachelors,"$46,200","$88,100",49%
15,Rank:365,Major:Personal Financial Planning,Degree Type:Bachelors,"$53,800","$88,100",60%
16,Rank:367,Major:Professional Pilot Education,Degree Type:Bachelors,"$63,700","$88,000",-
17,Rank:367,Major:Textile Technology,Degree Type:Bachelors,"$54,000","$88,000",42%
18,Rank:367,Major:Web & Digital Media Development,Degree Type:Bachelors,"$52,300","$88,000",33%
19,Rank:370,Major:Entrepreneurial Studies,Degree Type:Bachelors,"$48,700","$87,900",37%
20,Rank:371,Major:Fashion Design,Degree Type:Bachelors,"$47,500","$87,700",27%
21,Rank:372,Major:Retailing,Degree Type:Bachelors,"$51,300","$87,600",35%
22,Rank:373,Major:Business Communication,Degree Type:Bachelors,"$50,900","$87,300",47%
23,Rank:373,Major:Environmental Science,Degree Type:Bachelors,"$49,100","$87,300",59%
24,Rank:375,Major:Product Design Engineering,Degree Type:Bachelors,"$65,500","$87,200",35%
,Rank,Major,Degree Type,Early Career Pay,Mid Career Pay,% High Meaning
0,Rank:376,Major:English Literature,Degree Type:Bachelors,"$47,700","$87,000",45%
1,Rank:376,Major:Logistics,Degree Type:Bachelors,"$57,600","$87,000",41%
2,Rank:378,Major:Math & Science,Degree Type:Bachelors,"$55,600","$86,900",66%
3,Rank:379,Major:International Trade & Business,Degree Type:Bachelors,"$54,800","$86,800",27%
4,Rank:379,Major:Pre-Medicine,Degree Type:Bachelors,"$50,800","$86,800",67%
5,Rank:379,Major:Speech & Drama,Degree Type:Bachelors,"$37,500","$86,800",-
6,Rank:379,Major:Toxicology,Degree Type:Bachelors,"$44,600","$86,800",-
7,Rank:383,Major:Advertising & Marketing,Degree Type:Bachelors,"$49,000","$86,700",38%
8,Rank:383,Major:Geographic Information Systems (GIS) & Spatial Analysis,Degree Type:Bachelors,"$54,000","$86,700",57%
9,Rank:383,Major:Marketing & Mass Communications,Degree Type:Bachelors,"$45,400","$86,700",41%
10,Rank:383,Major:Welding Technology,Degree Type:Bachelors,"$48,400","$86,700",-
11,Rank:387,Major:General Business,Degree Type:Bachelors,"$50,200","$86,600",51%
12,Rank:388,Major:Construction Engineering Technology,Degree Type:Bachelors,"$55,800","$86,400",53%
13,Rank:388,Major:Architectural Studies,Degree Type:Bachelors,"$45,400","$86,400",42%
14,Rank:390,Major:Aviation Maintenance Technology,Degree Type:Bachelors,"$51,000","$86,300",60%
15,Rank:391,Major:Communication Studies & Journalism,Degree Type:Bachelors,"$44,800","$86,200",47%
16,Rank:391,Major:Management,Degree Type:Bachelors,"$51,600","$86,200",48%
17,Rank:393,Major:General Science,Degree Type:Bachelors,"$49,100","$86,100",60%
18,Rank:393,Major:Magazine Journalism,Degree Type:Bachelors,"$46,800","$86,100",32%
19,Rank:395,Major:Electronics & Computer Technology,Degree Type:Bachelors,"$55,600","$86,000",-
20,Rank:395,Major:Theatre & Drama Studies,Degree Type:Bachelors,"$44,800","$86,000",49%
21,Rank:397,Major:Animation,Degree Type:Bachelors,"$45,000","$85,900",35%
22,Rank:397,Major:Biology & Chemistry,Degree Type:Bachelors,"$49,200","$85,900",66%
23,Rank:397,Major:Diagnostic Medical Ultrasound,Degree Type:Bachelors,"$67,700","$85,900",67%
24,Rank:397,Major:History & Politics,Degree Type:Bachelors,"$49,500","$85,900",51%
,Rank,Major,Degree Type,Early Career Pay,Mid Career Pay,% High Meaning
0,Rank:397,Major:Public Affairs,Degree Type:Bachelors,"$52,700","$85,900",50%
1,Rank:397,Major:Romance Languages,Degree Type:Bachelors,"$53,000","$85,900",53%
2,Rank:397,Major:Physiology,Degree Type:Bachelors,"$49,300","$85,900",63%
3,Rank:404,Major:Corporate Communications,Degree Type:Bachelors,"$48,500","$85,700",42%
4,Rank:404,Major:International Affairs,Degree Type:Bachelors,"$51,600","$85,700",52%
5,Rank:404,Major:Nursing Science,Degree Type:Bachelors,"$66,800","$85,700",84%
6,Rank:404,Major:Organizational Development,Degree Type:Bachelors,"$53,800","$85,700",54%
7,Rank:404,Major:Textile & Apparel Studies,Degree Type:Bachelors,"$47,100","$85,700",30%
8,Rank:409,Major:Business Administration,Degree Type:Bachelors,"$52,800","$85,600",50%
9,Rank:409,Major:Business Administration & Accounting,Degree Type:Bachelors,"$52,400","$85,600",55%
10,Rank:409,Major:Philosophy & Religion,Degree Type:Bachelors,"$43,800","$85,600",55%
11,Rank:412,Major:Architectural Design,Degree Type:Bachelors,"$47,700","$85,400",60%
12,Rank:413,Major:Textile Design,Degree Type:Bachelors,"$50,000","$85,200",43%
13,Rank:413,Major:Interpersonal & Organizational Communication,Degree Type:Bachelors,"$42,400","$85,200",56%
14,Rank:415,Major:Geographic Information Systems (GIS),Degree Type:Bachelors,"$50,000","$85,100",52%
15,Rank:416,Major:Business Management,Degree Type:Bachelors,"$51,700","$85,000",51%
16,Rank:417,Major:Linguistics,Degree Type:Bachelors,"$52,100","$84,900",43%
17,Rank:418,Major:French Language,Degree Type:Bachelors,"$49,600","$84,800",47%
18,Rank:419,Major:Communication,Degree Type:Bachelors,"$48,000","$84,700",45%
19,Rank:419,Major:Neuroscience,Degree Type:Bachelors,"$51,800","$84,700",58%
20,Rank:421,Major:Business Management & Human Resources Management (HRM),Degree Type:Bachelors,"$46,800","$84,600",57%
21,Rank:421,Major:Journalism & Mass Communication,Degree Type:Bachelors,"$46,300","$84,600",44%
22,Rank:423,Major:Accounting & Management,Degree Type:Bachelors,"$55,500","$84,500",52%
23,Rank:424,Major:Sociology & Organizational Studies,Degree Type:Bachelors,"$53,500","$84,300",57%
24,Rank:425,Major:Crop Science,Degree Type:Bachelors,"$48,700","$84,200",60%
,Rank,Major,Degree Type,Early Career Pay,Mid Career Pay,% High Meaning
0,Rank:425,Major:French Studies,Degree Type:Bachelors,"$52,400","$84,200",57%
1,Rank:425,Major:Writing,Degree Type:Bachelors,"$44,200","$84,200",42%
2,Rank:425,Major:Nursing,Degree Type:Bachelors,"$65,000","$84,200",83%
3,Rank:429,Major:History,Degree Type:Bachelors,"$47,800","$84,100",46%
4,Rank:430,Major:Biology,Degree Type:Bachelors,"$47,100","$84,000",65%
5,Rank:430,Major:Land Surveying,Degree Type:Bachelors,"$51,900","$84,000",54%
6,Rank:432,Major:Architectural Technology,Degree Type:Bachelors,"$46,700","$83,900",61%
7,Rank:432,Major:Health Care,Degree Type:Bachelors,"$44,400","$83,900",74%
8,Rank:432,Major:Integrated Marketing Communications,Degree Type:Bachelors,"$47,000","$83,900",36%
9,Rank:435,Major:Agriculture,Degree Type:Bachelors,"$47,700","$83,800",61%
10,Rank:436,Major:Digital Design,Degree Type:Bachelors,"$50,000","$83,600",40%
11,Rank:436,Major:Marketing & Advertising,Degree Type:Bachelors,"$49,300","$83,600",44%
12,Rank:436,Major:Organizational Communication,Degree Type:Bachelors,"$46,400","$83,600",49%
13,Rank:439,Major:Visual Effects & Motion Graphics,Degree Type:Bachelors,"$48,100","$83,400",38%
14,Rank:440,Major:Public Relations & Communication,Degree Type:Bachelors,"$45,700","$83,300",47%
15,Rank:440,Major:General & Strategic Management,Degree Type:Bachelors,"$51,200","$83,300",55%
16,Rank:442,Major:Foreign Languages,Degree Type:Bachelors,"$48,400","$83,100",52%
17,Rank:442,Major:Retail Merchandising,Degree Type:Bachelors,"$50,900","$83,100",31%
18,Rank:444,Major:Agribusiness Management,Degree Type:Bachelors,"$47,700","$83,000",46%
19,Rank:444,Major:Global Business,Degree Type:Bachelors,"$55,800","$83,000",31%
20,Rank:444,Major:Professional & Technical Writing,Degree Type:Bachelors,"$48,500","$83,000",44%
21,Rank:447,Major:Computer Art,Degree Type:Bachelors,"$40,400","$82,900",31%
22,Rank:447,Major:Environmental Management,Degree Type:Bachelors,"$50,200","$82,900",62%
23,Rank:447,Major:Environmental Studies,Degree Type:Bachelors,"$48,500","$82,900",59%
24,Rank:447,Major:Journalism,Degree Type:Bachelors,"$45,900","$82,900",44%
,Rank,Major,Degree Type,Early Career Pay,Mid Career Pay,% High Meaning
0,Rank:447,Major:Travel Industry Management,Degree Type:Bachelors,"$52,600","$82,900",-
1,Rank:452,Major:International Development Studies,Degree Type:Bachelors,"$47,700","$82,800",64%
2,Rank:452,Major:Natural Sciences,Degree Type:Bachelors,"$45,100","$82,800",55%
3,Rank:452,Major:Retail & Consumer Science,Degree Type:Bachelors,"$51,800","$82,800",32%
4,Rank:452,Major:Literature,Degree Type:Bachelors,"$46,800","$82,800",47%
5,Rank:456,Major:Bachelor in Science Nursing,Degree Type:Bachelors,"$64,000","$82,700",81%
6,Rank:456,Major:History & Political Science,Degree Type:Bachelors,"$50,600","$82,700",50%
7,Rank:456,Major:Museum Studies,Degree Type:Bachelors,"$38,900","$82,700",50%
8,Rank:459,Major:Computer Information Management,Degree Type:Bachelors,"$49,400","$82,600",-
9,Rank:459,Major:Dental Hygiene,Degree Type:Bachelors,"$72,700","$82,600",80%
10,Rank:459,Major:Law,Degree Type:Bachelors,"$54,300","$82,600",53%
11,Rank:459,Major:Network Technology,Degree Type:Bachelors,"$59,800","$82,600",57%
12,Rank:463,Major:Media Studies,Degree Type:Bachelors,"$50,700","$82,400",38%
13,Rank:464,Major:Environmental Geography,Degree Type:Bachelors,"$50,200","$82,300",52%
14,Rank:465,Major:Law Enforcement,Degree Type:Bachelors,"$46,700","$82,200",60%
15,Rank:466,Major:Nuclear Medicine,Degree Type:Bachelors,"$60,300","$81,900",81%
16,Rank:466,Major:Bachelor of Science in Nursing,Degree Type:Bachelors,"$63,800","$81,900",83%
17,Rank:468,Major:Computer Animation,Degree Type:Bachelors,"$46,800","$81,800",36%
18,Rank:468,Major:Landscape Architecture,Degree Type:Bachelors,"$51,500","$81,800",65%
19,Rank:468,Major:Publishing,Degree Type:Bachelors,"$46,300","$81,800",39%
20,Rank:471,Major:Interior Architecture,Degree Type:Bachelors,"$47,600","$81,500",45%
21,Rank:472,Major:Diagnostic Medical Sonography,Degree Type:Bachelors,"$64,300","$81,400",86%
22,Rank:472,Major:Environmental & Natural Resource Economics,Degree Type:Bachelors,"$52,400","$81,400",65%
23,Rank:472,Major:Public Relations (PR),Degree Type:Bachelors,"$45,600","$81,400",42%
24,Rank:472,Major:Workforce Education & Development,Degree Type:Bachelors,"$59,900","$81,400",80%
,Rank,Major,Degree Type,Early Career Pay,Mid Career Pay,% High Meaning
0,Rank:476,Major:American History (United States),Degree Type:Bachelors,"$50,900","$81,300",52%
1,Rank:477,Major:Drama,Degree Type:Bachelors,"$47,400","$81,100",47%
2,Rank:478,Major:Management (MGT),Degree Type:Bachelors,"$47,000","$81,000",62%
3,Rank:479,Major:Merchandising Management,Degree Type:Bachelors,"$46,800","$80,900",38%
4,Rank:480,Major:Environmental Biology,Degree Type:Bachelors,"$45,000","$80,800",70%
5,Rank:481,Major:Accounting & Business,Degree Type:Bachelors,"$52,400","$80,700",48%
6,Rank:482,Major:Automotive Technology & Service Management,Degree Type:Bachelors,"$48,800","$80,500",32%
7,Rank:482,Major:Speech Communication,Degree Type:Bachelors,"$46,700","$80,500",54%
8,Rank:484,Major:Allied Health,Degree Type:Bachelors,"$44,800","$80,400",78%
9,Rank:485,Major:Agricultural Systems Technology,Degree Type:Bachelors,"$60,500","$80,300",-
10,Rank:485,Major:Emergency Management,Degree Type:Bachelors,"$50,900","$80,300",80%
11,Rank:485,Major:Network Administration,Degree Type:Bachelors,"$48,700","$80,300",56%
12,Rank:488,Major:Communication Management,Degree Type:Bachelors,"$46,000","$80,200",38%
13,Rank:489,Major:Historic Preservation,Degree Type:Bachelors,"$43,400","$80,000",-
14,Rank:490,Major:Broadcast Journalism,Degree Type:Bachelors,"$42,900","$79,900",50%
15,Rank:490,Major:Broadcast & Cinematic Arts,Degree Type:Bachelors,"$42,800","$79,900",43%
16,Rank:492,Major:Automotive Technology,Degree Type:Bachelors,"$48,100","$79,800",47%
17,Rank:492,Major:Business Management & Administration,Degree Type:Bachelors,"$51,400","$79,800",53%
18,Rank:494,Major:Agricultural Business,Degree Type:Bachelors,"$52,700","$79,700",51%
19,Rank:494,Major:Technology Management,Degree Type:Bachelors,"$56,400","$79,700",47%
20,Rank:496,Major:Global Studies,Degree Type:Bachelors,"$51,200","$79,600",46%
21,Rank:496,Major:Professional Studies,Degree Type:Bachelors,"$42,800","$79,600",62%
22,Rank:498,Major:Interpersonal Communications,Degree Type:Bachelors,"$45,000","$79,500",53%
23,Rank:499,Major:Forestry,Degree Type:Bachelors,"$45,900","$79,400",67%
24,Rank:499,Major:Homeland Security,Degree Type:Bachelors,"$49,200","$79,400",72%
,Rank,Major,Degree Type,Early Career Pay,Mid Career Pay,% High Meaning
0,Rank:501,Major:Ancient History,Degree Type:Bachelors,"$46,000","$79,300",-
1,Rank:501,Major:Botany,Degree Type:Bachelors,"$42,600","$79,300",73%
2,Rank:501,Major:Geography,Degree Type:Bachelors,"$49,700","$79,300",52%
3,Rank:504,Major:Computer Aided Design (CAD),Degree Type:Bachelors,"$48,700","$79,200",-
4,Rank:504,Major:Nutrition Science,Degree Type:Bachelors,"$49,500","$79,200",70%
5,Rank:506,Major:Acting,Degree Type:Bachelors,"$44,200","$79,100",50%
6,Rank:506,Major:Public Management,Degree Type:Bachelors,"$50,200","$79,100",66%
7,Rank:508,Major:Nuclear Medicine Technology,Degree Type:Bachelors,"$61,700","$79,000",82%
8,Rank:509,Major:Apparel & Textile Manufacture,Degree Type:Bachelors,"$48,300","$78,900",37%
9,Rank:509,Major:English Language & Literature,Degree Type:Bachelors,"$46,400","$78,900",44%
10,Rank:509,Major:Urban Studies,Degree Type:Bachelors,"$51,500","$78,900",57%
11,Rank:512,Major:Mass Communication,Degree Type:Bachelors,"$44,800","$78,800",44%
12,Rank:513,Major:Forestry Management,Degree Type:Bachelors,"$48,600","$78,700",71%
13,Rank:513,Major:Radio/Television & Film Production,Degree Type:Bachelors,"$45,700","$78,700",39%
14,Rank:515,Major:Hospital Management,Degree Type:Bachelors,"$53,200","$78,600",45%
15,Rank:516,Major:Human Resources Management (HRM),Degree Type:Bachelors,"$47,900","$78,500",55%
16,Rank:517,Major:Marine Science,Degree Type:Bachelors,"$46,100","$78,400",64%
17,Rank:518,Major:American Sign Language Interpreting,Degree Type:Bachelors,"$43,100","$78,300",87%
18,Rank:518,Major:English & History,Degree Type:Bachelors,"$45,700","$78,300",49%
19,Rank:518,Major:English Language,Degree Type:Bachelors,"$44,600","$78,300",45%
20,Rank:521,Major:Cytotechnology,Degree Type:Bachelors,"$61,900","$78,200",89%
21,Rank:521,Major:Geosciences,Degree Type:Bachelors,"$48,700","$78,200",62%
22,Rank:521,Major:Hospital Administration,Degree Type:Bachelors,"$51,200","$78,200",57%
23,Rank:524,Major:Film Production,Degree Type:Bachelors,"$44,600","$78,100",33%
24,Rank:524,Major:Marine Biology,Degree Type:Bachelors,"$43,300","$78,100",66%
,Rank,Major,Degree Type,Early Career Pay,Mid Career Pay,% High Meaning
0,Rank:526,Major:Zoology,Degree Type:Bachelors,"$42,100","$77,900",67%
1,Rank:527,Major:Communication Design,Degree Type:Bachelors,"$51,700","$77,800",34%
2,Rank:528,Major:Leadership,Degree Type:Bachelors,"$47,200","$77,500",57%
3,Rank:528,Major:Music Technology,Degree Type:Bachelors,"$44,800","$77,500",39%
4,Rank:528,Major:Musicology,Degree Type:Bachelors,"$40,000","$77,500",-
5,Rank:528,Major:Technical Writing,Degree Type:Bachelors,"$53,300","$77,500",42%
6,Rank:532,Major:Agricultural Communication,Degree Type:Bachelors,"$44,600","$77,400",52%
7,Rank:532,Major:Logistics Management,Degree Type:Bachelors,"$56,300","$77,400",49%
8,Rank:534,Major:German Language & Literature,Degree Type:Bachelors,"$49,400","$77,300",47%
9,Rank:535,Major:Administration,Degree Type:Bachelors,"$44,600","$77,100",58%
10,Rank:535,Major:Apparel Merchandising,Degree Type:Bachelors,"$47,600","$77,100",35%
11,Rank:535,Major:Computer Aided Drafting & Design (CADD),Degree Type:Bachelors,"$49,100","$77,100",52%
12,Rank:535,Major:Organizational Leadership & Supervision,Degree Type:Bachelors,"$49,600","$77,100",51%
13,Rank:535,Major:Printing Technology,Degree Type:Bachelors,"$46,200","$77,100",-
14,Rank:535,Major:Spanish Language,Degree Type:Bachelors,"$47,700","$77,100",51%
15,Rank:541,Major:Multimedia,Degree Type:Bachelors,"$44,700","$77,000",45%
16,Rank:542,Major:Spanish Language Teacher Education,Degree Type:Bachelors,"$45,500","$76,900",73%
17,Rank:542,Major:Public Administration,Degree Type:Bachelors,"$46,700","$76,900",57%
18,Rank:542,Major:Human Nutrition,Degree Type:Bachelors,"$48,600","$76,900",85%
19,Rank:545,Major:Audio Engineering,Degree Type:Bachelors,"$48,300","$76,800",39%
20,Rank:545,Major:Graphics Technology & Management,Degree Type:Bachelors,"$39,500","$76,800",38%
21,Rank:545,Major:Physical Anthropology,Degree Type:Bachelors,"$52,900","$76,800",51%
22,Rank:548,Major:Organizational Leadership,Degree Type:Bachelors,"$50,500","$76,700",58%
23,Rank:549,Major:Environmental Health Science,Degree Type:Bachelors,"$53,800","$76,600",61%
24,Rank:549,Major:Health Sciences,Degree Type:Bachelors,"$44,600","$76,600",70%
,Rank,Major,Degree Type,Early Career Pay,Mid Career Pay,% High Meaning
0,Rank:551,Major:Journalism & Electronic Media,Degree Type:Bachelors,"$45,200","$76,500",48%
1,Rank:552,Major:Religious Studies,Degree Type:Bachelors,"$43,900","$76,300",55%
2,Rank:553,Major:Art History,Degree Type:Bachelors,"$46,600","$76,200",45%
3,Rank:553,Major:Radiologic Science,Degree Type:Bachelors,"$57,600","$76,200",81%
4,Rank:555,Major:3D Animation,Degree Type:Bachelors,"$51,800","$76,000",42%
5,Rank:556,Major:Culture Studies,Degree Type:Bachelors,"$48,100","$75,900",40%
6,Rank:556,Major:Merchandising,Degree Type:Bachelors,"$53,100","$75,900",31%
7,Rank:558,Major:Administrative Management,Degree Type:Bachelors,"$52,700","$75,800",50%
8,Rank:558,Major:Human Resources (HR),Degree Type:Bachelors,"$47,300","$75,800",56%
9,Rank:558,Major:Liberal Arts,Degree Type:Bachelors,"$44,500","$75,800",53%
10,Rank:561,Major:Adult Education & Training,Degree Type:Bachelors,"$48,700","$75,600",79%
11,Rank:561,Major:Fashion Merchandising,Degree Type:Bachelors,"$46,900","$75,600",29%
12,Rank:561,Major:Health & Fitness,Degree Type:Bachelors,"$39,800","$75,600",67%
13,Rank:564,Major:Natural Resources,Degree Type:Bachelors,"$47,400","$75,500",64%
14,Rank:564,Major:Organizational Management,Degree Type:Bachelors,"$48,800","$75,500",57%
15,Rank:566,Major:Modern Languages,Degree Type:Bachelors,"$50,300","$75,400",53%
16,Rank:566,Major:Natural Resource Management,Degree Type:Bachelors,"$46,500","$75,400",60%
17,Rank:566,Major:Retail Management,Degree Type:Bachelors,"$50,100","$75,400",35%
18,Rank:566,Major:Sociology & Anthropology,Degree Type:Bachelors,"$44,500","$75,400",50%
19,Rank:570,Major:Creative Writing,Degree Type:Bachelors,"$45,300","$75,200",41%
20,Rank:571,Major:Criminal Justice Administration,Degree Type:Bachelors,"$45,700","$75,100",56%
21,Rank:572,Major:Ethnic Studies,Degree Type:Bachelors,"$47,500","$74,900",63%
22,Rank:572,Major:Philosophy & Religious Studies,Degree Type:Bachelors,"$49,300","$74,900",61%
23,Rank:572,Major:Radiology,Degree Type:Bachelors,"$54,800","$74,900",80%
24,Rank:575,Major:Medical Laboratory Technology,Degree Type:Bachelors,"$56,900","$74,400",82%
,Rank,Major,Degree Type,Early Career Pay,Mid Career Pay,% High Meaning
0,Rank:575,Major:Sports Management,Degree Type:Bachelors,"$45,400","$74,400",43%
1,Rank:577,Major:Anthropology & English,Degree Type:Bachelors,"$48,000","$74,300",-
2,Rank:577,Major:Broadcast Communication,Degree Type:Bachelors,"$40,000","$74,300",44%
3,Rank:577,Major:Criminology,Degree Type:Bachelors,"$44,700","$74,300",54%
4,Rank:577,Major:Earth Science,Degree Type:Bachelors,"$50,000","$74,300",48%
5,Rank:577,Major:Media & Technology,Degree Type:Bachelors,"$45,200","$74,300",43%
6,Rank:577,Major:Visual Communications,Degree Type:Bachelors,"$45,400","$74,300",38%
7,Rank:583,Major:Advertising & Graphic Design,Degree Type:Bachelors,"$46,800","$74,200",37%
8,Rank:583,Major:Applied Behavior Analysis,Degree Type:Bachelors,"$38,700","$74,200",81%
9,Rank:583,Major:Psychology,Degree Type:Bachelors,"$44,700","$74,200",56%
10,Rank:586,Major:Applied Management,Degree Type:Bachelors,"$45,500","$74,100",53%
11,Rank:586,Major:Hotel & Restaurant Management,Degree Type:Bachelors,"$47,300","$74,100",48%
12,Rank:588,Major:Anthropology,Degree Type:Bachelors,"$46,400","$73,900",46%
13,Rank:589,Major:Arts Management,Degree Type:Bachelors,"$39,400","$73,800",48%
14,Rank:589,Major:Diagnostic Medical Imaging,Degree Type:Bachelors,"$60,600","$73,800",73%
15,Rank:591,Major:Communication Arts,Degree Type:Bachelors,"$42,400","$73,600",39%
16,Rank:591,Major:Middle Eastern Studies,Degree Type:Bachelors,"$57,100","$73,600",48%
17,Rank:591,Major:Radiologic Technology,Degree Type:Bachelors,"$55,200","$73,600",83%
18,Rank:591,Major:Painting & Printmaking,Degree Type:Bachelors,"$34,700","$73,600",41%
19,Rank:595,Major:Cardiopulmonary Science,Degree Type:Bachelors,"$48,900","$73,400",90%
20,Rank:595,Major:Human Relations,Degree Type:Bachelors,"$45,000","$73,400",63%
21,Rank:597,Major:Humanities,Degree Type:Bachelors,"$48,500","$73,200",49%
22,Rank:598,Major:Health Care Administration,Degree Type:Bachelors,"$45,800","$73,100",69%
23,Rank:599,Major:Health Care Management,Degree Type:Bachelors,"$46,700","$73,000",72%
24,Rank:599,Major:Life Sciences,Degree Type:Bachelors,"$53,100","$73,000",64%
,Rank,Major,Degree Type,Early Career Pay,Mid Career Pay,% High Meaning
0,Rank:601,Major:Ecology,Degree Type:Bachelors,"$46,400","$72,900",57%
1,Rank:601,Major:Media Arts,Degree Type:Bachelors,"$46,500","$72,900",34%
2,Rank:603,Major:Respiratory Care,Degree Type:Bachelors,"$54,800","$72,800",84%
3,Rank:604,Major:Art & Design,Degree Type:Bachelors,"$45,100","$72,700",38%
4,Rank:604,Major:Health Information Management,Degree Type:Bachelors,"$49,000","$72,700",69%
5,Rank:604,Major:Hospitality Management,Degree Type:Bachelors,"$46,400","$72,700",43%
6,Rank:607,Major:Health Teacher Education,Degree Type:Bachelors,"$37,900","$72,600",46%
7,Rank:607,Major:Sports Medicine,Degree Type:Bachelors,"$50,100","$72,600",77%
8,Rank:607,Major:Multimedia & Web Design,Degree Type:Bachelors,"$50,200","$72,600",34%
9,Rank:610,Major:Sociology,Degree Type:Bachelors,"$46,200","$72,500",55%
10,Rank:611,Major:Liberal Studies,Degree Type:Bachelors,"$44,300","$72,400",56%
11,Rank:612,Major:Interior Design,Degree Type:Bachelors,"$45,100","$72,300",50%
12,Rank:612,Major:Medical Laboratory Science,Degree Type:Bachelors,"$55,600","$72,300",85%
13,Rank:612,Major:Secondary Education,Degree Type:Bachelors,"$44,600","$72,300",59%
14,Rank:615,Major:Child Psychology,Degree Type:Bachelors,"$38,900","$72,200",64%
15,Rank:615,Major:Exercise Physiology,Degree Type:Bachelors,"$44,100","$72,200",76%
16,Rank:615,Major:Radiography,Degree Type:Bachelors,"$55,300","$72,200",85%
17,Rank:618,Major:Archaeology,Degree Type:Bachelors,"$45,900","$72,100",46%
18,Rank:618,Major:Art Administration,Degree Type:Bachelors,"$40,200","$72,100",56%
19,Rank:618,Major:Hotel & Restaurant Tourism,Degree Type:Bachelors,"$44,300","$72,100",49%
20,Rank:618,Major:Illustration,Degree Type:Bachelors,"$45,200","$72,100",36%
21,Rank:622,Major:Arts & Science,Degree Type:Bachelors,"$45,700","$71,900",-
22,Rank:622,Major:Health,Degree Type:Bachelors,"$44,200","$71,900",73%
23,Rank:622,Major:Turfgrass Management,Degree Type:Bachelors,"$53,100","$71,900",51%
24,Rank:625,Major:Animal Science & Management,Degree Type:Bachelors,"$44,200","$71,800",55%
,Rank,Major,Degree Type,Early Career Pay,Mid Career Pay,% High Meaning
0,Rank:626,Major:SocialStudies,Degree Type:Bachelors,"$45,800","$71,700",57%
1,Rank:627,Major:Human Resources Development,Degree Type:Bachelors,"$48,600","$71,600",50%
2,Rank:627,Major:Speech Pathology & Audiology,Degree Type:Bachelors,"$44,100","$71,600",78%
3,Rank:629,Major:Clinical Laboratory Science,Degree Type:Bachelors,"$55,100","$71,500",83%
4,Rank:629,Major:Forensic Science,Degree Type:Bachelors,"$46,000","$71,500",64%
5,Rank:629,Major:Health Administration,Degree Type:Bachelors,"$42,700","$71,500",66%
6,Rank:632,Major:Geomatics,Degree Type:Bachelors,"$52,300","$71,400",70%
7,Rank:632,Major:Media Communication,Degree Type:Bachelors,"$47,000","$71,400",45%
8,Rank:634,Major:Health Management,Degree Type:Bachelors,"$45,100","$71,300",-
9,Rank:634,Major:Commercial Photography,Degree Type:Bachelors,"$43,800","$71,300",23%
10,Rank:636,Major:Fashion Design & Marketing,Degree Type:Bachelors,"$45,300","$71,100",44%
11,Rank:636,Major:Mass Media,Degree Type:Bachelors,"$40,300","$71,100",49%
12,Rank:638,Major:Medical Technology,Degree Type:Bachelors,"$56,500","$71,000",81%
13,Rank:639,Major:Respiratory Therapy,Degree Type:Bachelors,"$54,500","$70,900",82%
14,Rank:640,Major:Theater,Degree Type:Bachelors,"$44,600","$70,700",50%
15,Rank:641,Major:Forensic Psychology,Degree Type:Bachelors,"$43,000","$70,600",54%
16,Rank:641,Major:Kinesiology,Degree Type:Bachelors,"$44,800","$70,600",66%
17,Rank:643,Major:Performing Arts,Degree Type:Bachelors,"$45,700","$70,500",57%
18,Rank:643,Major:Psychology & Social Behavior,Degree Type:Bachelors,"$45,800","$70,500",59%
19,Rank:643,Major:Religion,Degree Type:Bachelors,"$44,400","$70,500",59%
20,Rank:643,Major:Radio & Television,Degree Type:Bachelors,"$43,100","$70,500",41%
21,Rank:647,Major:Technology Teacher Education,Degree Type:Bachelors,"$47,700","$70,400",57%
22,Rank:648,Major:Educational Studies (ED),Degree Type:Bachelors,"$40,300","$70,200",65%
23,Rank:648,Major:Music,Degree Type:Bachelors,"$44,300","$70,200",55%
24,Rank:648,Major:Business Leadership,Degree Type:Bachelors,"$50,100","$70,200",45%
,Rank,Major,Degree Type,Early Career Pay,Mid Career Pay,% High Meaning
0,Rank:651,Major:Drafting & Design,Degree Type:Bachelors,"$51,000","$70,100",69%
1,Rank:651,Major:Plant Sciences,Degree Type:Bachelors,"$48,000","$70,100",60%
2,Rank:653,Major:Criminal Justice,Degree Type:Bachelors,"$42,800","$69,800",56%
3,Rank:653,Major:Web Design,Degree Type:Bachelors,"$49,900","$69,800",25%
4,Rank:655,Major:Graphic Design,Degree Type:Bachelors,"$45,100","$69,700",37%
5,Rank:656,Major:Nutrition,Degree Type:Bachelors,"$48,100","$69,600",65%
6,Rank:656,Major:Nutrition & Dietetics,Degree Type:Bachelors,"$50,800","$69,600",72%
7,Rank:658,Major:Missions,Degree Type:Bachelors,"$41,300","$69,500",-
8,Rank:659,Major:Dramatic Art,Degree Type:Bachelors,"$41,400","$69,400",-
9,Rank:660,Major:Fashion Marketing & Management,Degree Type:Bachelors,"$47,700","$69,100",30%
10,Rank:661,Major:Interdisciplinary Studies (IS),Degree Type:Bachelors,"$44,600","$68,900",56%
11,Rank:662,Major:Hospitality & Tourism,Degree Type:Bachelors,"$44,200","$68,800",41%
12,Rank:662,Major:Human Ecology,Degree Type:Bachelors,"$42,100","$68,800",54%
13,Rank:662,Major:Ornamental Horticulture,Degree Type:Bachelors,"$46,000","$68,800",69%
14,Rank:662,Major:Physical Therapist Assistant Studies,Degree Type:Bachelors,"$49,900","$68,800",85%
15,Rank:662,Major:Public Health (PH),Degree Type:Bachelors,"$46,000","$68,800",69%
16,Rank:667,Major:Art Therapy,Degree Type:Bachelors,"$41,100","$68,600",80%
17,Rank:667,Major:Dietetics,Degree Type:Bachelors,"$51,300","$68,600",74%
18,Rank:667,Major:Landscape Management,Degree Type:Bachelors,"$52,300","$68,600",-
19,Rank:670,Major:Applied Sociology,Degree Type:Bachelors,"$42,200","$68,500",57%
20,Rank:670,Major:Fine Arts,Degree Type:Bachelors,"$43,200","$68,500",44%
21,Rank:670,Major:Modern Language Spanish,Degree Type:Bachelors,"$43,800","$68,500",52%
22,Rank:670,Major:Women's Studies,Degree Type:Bachelors,"$45,200","$68,500",59%
23,Rank:670,Major:Social & Criminal Justice,Degree Type:Bachelors,"$44,800","$68,500",59%
24,Rank:675,Major:Animal Science,Degree Type:Bachelors,"$41,200","$68,300",64%
,Rank,Major,Degree Type,Early Career Pay,Mid Career Pay,% High Meaning
0,Rank:675,Major:New Media,Degree Type:Bachelors,"$46,000","$68,300",33%
1,Rank:675,Major:Textiles & Clothing,Degree Type:Bachelors,"$45,100","$68,300",47%
2,Rank:678,Major:Event Management,Degree Type:Bachelors,"$41,700","$68,200",40%
3,Rank:679,Major:Family & Consumer Science,Degree Type:Bachelors,"$42,600","$68,000",59%
4,Rank:680,Major:Speech-Language Pathology,Degree Type:Bachelors,"$44,100","$67,900",70%
5,Rank:681,Major:Technical Theatre,Degree Type:Bachelors,"$41,000","$67,600",42%
6,Rank:682,Major:Education,Degree Type:Bachelors,"$44,100","$67,500",65%
7,Rank:682,Major:Foods & Nutrition,Degree Type:Bachelors,"$47,000","$67,500",68%
8,Rank:682,Major:Recreation Management,Degree Type:Bachelors,"$42,300","$67,500",58%
9,Rank:685,Major:Business & Healthcare Management,Degree Type:Bachelors,"$46,900","$67,300",69%
10,Rank:686,Major:Agricultural Teacher Education,Degree Type:Bachelors,"$53,500","$67,100",-
11,Rank:687,Major:Music Composition,Degree Type:Bachelors,"$44,000","$66,900",51%
12,Rank:688,Major:Art,Degree Type:Bachelors,"$43,400","$66,700",46%
13,Rank:688,Major:Psychology & Sociology,Degree Type:Bachelors,"$42,800","$66,700",53%
14,Rank:690,Major:Drawing & Painting,Degree Type:Bachelors,"$42,800","$66,600",48%
15,Rank:691,Major:Nonprofit Management,Degree Type:Bachelors,"$42,300","$66,300",79%
16,Rank:692,Major:Small Business Management,Degree Type:Bachelors,"$47,100","$66,200",38%
17,Rank:693,Major:Behavioral Science,Degree Type:Bachelors,"$43,000","$66,000",62%
18,Rank:694,Major:Horticulture & Agronomy,Degree Type:Bachelors,"$52,500","$65,900",-
19,Rank:695,Major:Health Services Administration,Degree Type:Bachelors,"$42,700","$65,800",63%
20,Rank:695,Major:Multidisciplinary Studies,Degree Type:Bachelors,"$41,800","$65,800",53%
21,Rank:695,Major:Restaurant & Food Service Management,Degree Type:Bachelors,"$43,900","$65,800",45%
22,Rank:698,Major:Consumer Affairs,Degree Type:Bachelors,"$51,000","$65,700",43%
23,Rank:699,Major:Training and Development,Degree Type:Bachelors,"$52,600","$65,600",-
24,Rank:699,Major:Health & Exercise Science,Degree Type:Bachelors,"$41,700","$65,600",67%
,Rank,Major,Degree Type,Early Career Pay,Mid Career Pay,% High Meaning
0,Rank:699,Major:Electronic Media,Degree Type:Bachelors,"$45,300","$65,600",37%
1,Rank:702,Major:Environmental Resource Management,Degree Type:Bachelors,"$48,700","$65,500",65%
2,Rank:703,Major:Theatre Arts,Degree Type:Bachelors,"$43,500","$65,300",51%
3,Rank:704,Major:Applied Linguistics,Degree Type:Bachelors,"$46,800","$65,200",44%
4,Rank:705,Major:African American & African Studies,Degree Type:Bachelors,"$46,400","$65,100",60%
5,Rank:705,Major:Exercise & Sports Science,Degree Type:Bachelors,"$42,600","$65,100",70%
6,Rank:705,Major:General Studies,Degree Type:Bachelors,"$43,600","$65,100",52%
7,Rank:705,Major:Justice Studies,Degree Type:Bachelors,"$45,300","$65,100",50%
8,Rank:705,Major:Video Production,Degree Type:Bachelors,"$42,800","$65,100",33%
9,Rank:710,Major:Graphic Arts,Degree Type:Bachelors,"$42,700","$64,900",41%
10,Rank:710,Major:Physical Education Teaching,Degree Type:Bachelors,"$42,200","$64,900",69%
11,Rank:712,Major:Health Services Management,Degree Type:Bachelors,"$41,600","$64,800",83%
12,Rank:712,Major:Physical Education & Exercise Science,Degree Type:Bachelors,"$44,100","$64,800",72%
13,Rank:712,Major:Drawing,Degree Type:Bachelors,"$37,400","$64,800",39%
14,Rank:715,Major:Exercise Science,Degree Type:Bachelors,"$41,400","$64,700",73%
15,Rank:716,Major:Printmaking,Degree Type:Bachelors,"$38,400","$64,300",40%
16,Rank:716,Major:Sports Administration,Degree Type:Bachelors,"$43,300","$64,300",47%
17,Rank:716,Major:Theology,Degree Type:Bachelors,"$42,800","$64,300",68%
18,Rank:719,Major:Interior Design & Merchandising,Degree Type:Bachelors,"$43,700","$64,200",37%
19,Rank:719,Major:Recreation & Leisure Studies,Degree Type:Bachelors,"$40,300","$64,200",60%
20,Rank:721,Major:Human Development,Degree Type:Bachelors,"$43,700","$64,100",64%
21,Rank:721,Major:Music Industry,Degree Type:Bachelors,"$45,800","$64,100",38%
22,Rank:721,Major:Wildlife Management,Degree Type:Bachelors,"$39,700","$64,100",49%
23,Rank:721,Major:Supervision & Management,Degree Type:Bachelors,"$41,700","$64,100",57%
24,Rank:725,Major:Health & Wellness,Degree Type:Bachelors,"$40,100","$64,000",70%
,Rank,Major,Degree Type,Early Career Pay,Mid Career Pay,% High Meaning
0,Rank:725,Major:Culinary Arts & Food Service Management,Degree Type:Bachelors,"$41,300","$64,000",50%
1,Rank:725,Major:Mortuary Science,Degree Type:Bachelors,"$43,500","$64,000",85%
2,Rank:728,Major:Clinical Psychology,Degree Type:Bachelors,"$43,000","$63,900",65%
3,Rank:728,Major:Community Health Education,Degree Type:Bachelors,"$42,600","$63,900",75%
4,Rank:728,Major:Dance,Degree Type:Bachelors,"$45,100","$63,900",62%
5,Rank:731,Major:Speech Pathology,Degree Type:Bachelors,"$42,800","$63,700",69%
6,Rank:732,Major:Gender Studies,Degree Type:Bachelors,"$45,500","$63,600",55%
7,Rank:732,Major:Secondary English Teacher Education,Degree Type:Bachelors,"$42,000","$63,600",64%
8,Rank:734,Major:Photography,Degree Type:Bachelors,"$43,800","$63,500",38%
9,Rank:735,Major:English Teacher Education,Degree Type:Bachelors,"$43,300","$63,100",57%
10,Rank:735,Major:Paralegal Studies,Degree Type:Bachelors,"$39,600","$63,100",50%
11,Rank:735,Major:Social Studies Teacher Education,Degree Type:Bachelors,"$43,400","$63,100",65%
12,Rank:738,Major:Teaching English as a Second Language (ESL),Degree Type:Bachelors,"$42,800","$63,000",73%
13,Rank:738,Major:Music Teacher Education,Degree Type:Bachelors,"$42,000","$63,000",62%
14,Rank:740,Major:Health Promotion,Degree Type:Bachelors,"$42,300","$62,800",69%
15,Rank:740,Major:Recording Arts,Degree Type:Bachelors,"$44,800","$62,800",48%
16,Rank:742,Major:Photojournalism,Degree Type:Bachelors,"$41,900","$62,600",59%
17,Rank:743,Major:Recreation Administration,Degree Type:Bachelors,"$47,000","$62,500",71%
18,Rank:744,Major:Radio Broadcasting,Degree Type:Bachelors,"$46,300","$62,400",33%
19,Rank:745,Major:Sculpture,Degree Type:Bachelors,"$40,300","$62,200",47%
20,Rank:746,Major:Painting,Degree Type:Bachelors,"$40,700","$62,000",44%
21,Rank:746,Major:Psychology & Social Sciences,Degree Type:Bachelors,"$42,600","$62,000",68%
22,Rank:748,Major:Health & Physical Education Teaching,Degree Type:Bachelors,"$38,700","$61,900",65%
23,Rank:749,Major:Organizational Administration,Degree Type:Bachelors,"$45,000","$61,800",-
24,Rank:750,Major:Tourism Management,Degree Type:Bachelors,"$43,100","$61,600",38%
,Rank,Major,Degree Type,Early Career Pay,Mid Career Pay,% High Meaning
0,Rank:750,Major:Instrumental Music Teacher Education,Degree Type:Bachelors,"$41,700","$61,600",65%
1,Rank:752,Major:Emergency Medical Services (EMS),Degree Type:Bachelors,"$44,200","$61,400",-
2,Rank:753,Major:Community Health,Degree Type:Bachelors,"$45,400","$61,300",72%
3,Rank:754,Major:Health & Human Performance,Degree Type:Bachelors,"$38,100","$61,100",68%
4,Rank:755,Major:Music Therapy,Degree Type:Bachelors,"$43,100","$60,700",93%
5,Rank:756,Major:Social Services,Degree Type:Bachelors,"$39,900","$60,500",82%
6,Rank:757,Major:Rehabilitation Services,Degree Type:Bachelors,"$35,800","$60,200",79%
7,Rank:758,Major:Horticulture,Degree Type:Bachelors,"$43,000","$60,100",59%
8,Rank:759,Major:University Studies,Degree Type:Bachelors,"$42,400","$60,000",49%
9,Rank:760,Major:Church Ministries,Degree Type:Bachelors,"$40,000","$59,900",79%
10,Rank:761,Major:Communicative Disorders,Degree Type:Bachelors,"$47,400","$59,800",73%
11,Rank:761,Major:Social Science Teacher Education,Degree Type:Bachelors,"$45,400","$59,800",-
12,Rank:761,Major:Wildlife Biology,Degree Type:Bachelors,"$42,900","$59,800",60%
13,Rank:764,Major:Community Development,Degree Type:Bachelors,"$44,600","$59,400",63%
14,Rank:764,Major:Psychology & Human Services,Degree Type:Bachelors,"$35,600","$59,400",-
15,Rank:766,Major:Athletic Training,Degree Type:Bachelors,"$42,100","$59,300",75%
16,Rank:767,Major:Biblical Studies,Degree Type:Bachelors,"$40,500","$59,000",72%
17,Rank:768,Major:Biblical Studies & Practical Ministries,Degree Type:Bachelors,"$36,400","$58,900",76%
18,Rank:768,Major:Counseling Psychology,Degree Type:Bachelors,"$42,700","$58,900",64%
19,Rank:768,Major:Recreational Studies,Degree Type:Bachelors,"$42,100","$58,900",69%
20,Rank:768,Major:Teaching,Degree Type:Bachelors,"$42,000","$58,900",72%
21,Rank:772,Major:Home Economics,Degree Type:Bachelors,"$41,800","$58,700",69%
22,Rank:772,Major:Library & Information Science,Degree Type:Bachelors,"$48,200","$58,700",48%
23,Rank:774,Major:Human Development & Family Studies,Degree Type:Bachelors,"$40,300","$58,600",66%
24,Rank:774,Major:Tourism & Travel,Degree Type:Bachelors,"$42,200","$58,600",43%
,Rank,Major,Degree Type,Early Career Pay,Mid Career Pay,% High Meaning
0,Rank:776,Major:Landscape Design,Degree Type:Bachelors,"$49,000","$58,500",63%
1,Rank:777,Major:Ceramics,Degree Type:Bachelors,"$42,200","$58,300",51%
2,Rank:777,Major:Clinical Social Work (CSW),Degree Type:Bachelors,"$43,500","$58,300",-
3,Rank:777,Major:Parks & Recreation Management,Degree Type:Bachelors,"$42,700","$58,300",56%
4,Rank:780,Major:Pastoral Ministry,Degree Type:Bachelors,"$38,700","$58,000",83%
5,Rank:780,Major:Vocal Performance,Degree Type:Bachelors,"$42,600","$58,000",65%
6,Rank:782,Major:Art Teacher Education,Degree Type:Bachelors,"$40,300","$57,500",62%
7,Rank:782,Major:Bible Studies & Theology,Degree Type:Bachelors,"$40,000","$57,500",67%
8,Rank:784,Major:Forensic Accounting,Degree Type:Bachelors,"$48,300","$57,200",48%
9,Rank:785,Major:Communication Sciences & Disorders,Degree Type:Bachelors,"$43,300","$57,100",76%
10,Rank:785,Major:Legal Assistant Studies,Degree Type:Bachelors,"$38,100","$57,100",38%
11,Rank:787,Major:Special Education,Degree Type:Bachelors,"$41,300","$57,000",76%
12,Rank:788,Major:Conservation Biology,Degree Type:Bachelors,"$42,800","$56,900",57%
13,Rank:789,Major:Family Studies,Degree Type:Bachelors,"$39,200","$56,800",68%
14,Rank:790,Major:Christian Ministry,Degree Type:Bachelors,"$38,100","$56,400",79%
15,Rank:790,Major:Speech & Hearing,Degree Type:Bachelors,"$43,300","$56,400",76%
16,Rank:792,Major:Health and Human Services,Degree Type:Bachelors,"$43,500","$56,300",65%
17,Rank:793,Major:Musical Theatre,Degree Type:Bachelors,"$43,500","$56,100",50%
18,Rank:794,Major:History Teacher Education,Degree Type:Bachelors,"$47,700","$55,600",46%
19,Rank:795,Major:Developmental Psychology,Degree Type:Bachelors,"$38,200","$55,000",-
20,Rank:796,Major:Therapeutic Recreation,Degree Type:Bachelors,"$39,500","$54,900",82%
21,Rank:797,Major:Applied Behavioral Science,Degree Type:Bachelors,"$40,500","$54,600",50%
22,Rank:797,Major:Community & Human Services,Degree Type:Bachelors,"$42,400","$54,600",80%
23,Rank:797,Major:Social Work (SW),Degree Type:Bachelors,"$38,600","$54,600",76%
24,Rank:800,Major:Office Administration,Degree Type:Bachelors,"$38,700","$54,500",65%
,Rank,Major,Degree Type,Early Career Pay,Mid Career Pay,% High Meaning
0,Rank:801,Major:Ministry,Degree Type:Bachelors,"$36,700","$54,300",81%
1,Rank:801,Major:Family & Community Services,Degree Type:Bachelors,"$42,200","$54,300",74%
2,Rank:803,Major:Youth Ministry,Degree Type:Bachelors,"$37,400","$54,200",76%
3,Rank:804,Major:Elementary Education,Degree Type:Bachelors,"$40,000","$53,800",69%
4,Rank:805,Major:Voice & Opera,Degree Type:Bachelors,"$34,500","$53,300",57%
5,Rank:806,Major:Christian Education,Degree Type:Bachelors,"$38,700","$53,200",82%
6,Rank:806,Major:Conflict Resolution,Degree Type:Bachelors,"$44,400","$53,200",50%
7,Rank:808,Major:Baking & Pastry Arts,Degree Type:Bachelors,"$37,500","$53,000",44%
8,Rank:808,Major:Human Services Management,Degree Type:Bachelors,"$45,600","$53,000",-
9,Rank:810,Major:Hospitality & The Culinary Arts,Degree Type:Bachelors,"$38,800","$52,900",-
10,Rank:811,Major:Human Services (HS),Degree Type:Bachelors,"$38,700","$52,500",71%
11,Rank:812,Major:Counseling,Degree Type:Bachelors,"$39,900","$51,700",78%
12,Rank:813,Major:Recreational Therapy,Degree Type:Bachelors,"$38,400","$51,600",84%
13,Rank:814,Major:Child Development,Degree Type:Bachelors,"$37,400","$51,400",73%
14,Rank:815,Major:Educational Psychology,Degree Type:Bachelors,"$36,900","$51,200",-
15,Rank:816,Major:Middle School Education,Degree Type:Bachelors,"$41,200","$50,800",73%
16,Rank:817,Major:Mental Health Counseling,Degree Type:Bachelors,"$36,100","$50,000",78%
17,Rank:818,Major:Early Childhood & Elementary Education,Degree Type:Bachelors,"$38,000","$48,400",77%
18,Rank:819,Major:Equine Studies,Degree Type:Bachelors,"$35,700","$47,100",50%
19,Rank:820,Major:Addiction Studies,Degree Type:Bachelors,"$38,000","$47,000",84%
20,Rank:821,Major:Child & Family Studies,Degree Type:Bachelors,"$36,400","$46,500",73%
21,Rank:822,Major:Rehabilitation Counseling,Degree Type:Bachelors,"$39,200","$46,400",-
22,Rank:823,Major:Outdoor Education,Degree Type:Bachelors,"$37,400","$46,300",52%
23,Rank:824,Major:Early Childhood Education,Degree Type:Bachelors,"$36,100","$45,400",78%
24,Rank:825,Major:Mental Health,Degree Type:Bachelors,"$36,900","$45,000",-
,Rank,Major,Degree Type,Early Career Pay,Mid Career Pay,% High Meaning
0,Rank:826,Major:Medical Assisting,Degree Type:Bachelors,"$36,000","$44,800",-
1,Rank:827,Major:Metalsmithing,Degree Type:Bachelors,"$40,000","$40,300",33%
